{
  "fields": {
    "Issuer": {
      "f1": 0.778702163061564
    },
    "Technical Flags": {
      "f1": 0.8514167242570837
    },
    "Transactions": {
      "f1": 0.7812744988240565
    },
    "Audit Rationales": {
      "f1": 0
    },
    "Footnote Linking": {
      "f1": 0.007682458386683739
    },
    "Signatures": {
      "f1": 0.0019960079840319364
    }
  },
  "audit_rougeL": 0.014837095993606534
}