{
  "overall": {
    "f1": 0.01990079845148802,
    "precision": 0.016939553084131396,
    "recall": 0.024116698431315056
  },
  "fields": {
    "Footnote Linking": {
      "f1": 0,
      "precision": 0.0,
      "recall": 0.0
    },
    "Footnotes": {
      "f1": 0.21513665031534687,
      "precision": 0.1775592828224407,
      "recall": 0.2728888888888889
    },
    "General Flags": {
      "f1": 0.007276905400229798,
      "precision": 0.003661591828868761,
      "recall": 0.5757575757575758
    },
    "Issuer": {
      "f1": 0,
      "precision": 0.0,
      "recall": 0.0
    },
    "Reporting Owners": {
      "f1": 0.0028943560057887122,
      "precision": 0.023076923076923078,
      "recall": 0.001544004117344313
    },
    "Signatures": {
      "f1": 0,
      "precision": 0.0,
      "recall": 0.0
    },
    "Table I (Non-Deriv)": {
      "f1": 0,
      "precision": 0.0,
      "recall": 0.0
    },
    "Table II (Deriv)": {
      "f1": 0,
      "precision": 0.0,
      "recall": 0.0
    }
  },
  "footnotes": {
    "rougeL": 0.27313101784805427
  }
}